id,title_clean,title_raw,company_name,naics_2022_6,naics_2022_6_name,soc_5,soc_5_name,min_years_experience,max_years_experience,min_edulevels_name,max_edulevels_name,employment_type_name,remote_type_name,salary,salary_from,salary_to,original_pay_period,city_name,state_name,county_name,msa_name,skills_name,specialized_skills_name,software_skills_name,posted,expired,duration
84156,Adversary Force Military Analyst,Adversary Force (ADFOR) Military Analyst,Corps Solutions,611400,Business Schools and Computer and Management Training,13-1082,Project Management Specialists,,,Associate's degree,Master's degree,Full Time,Unknown,,,,,Virginia,United States,,,"[""Aviation""]","[""Aviation""]",[],2026-06-04,,
84071,Vulnerability Management Analyst,Vulnerability Management Analyst,American Eagle Financial Credit Union,611400,Business Schools and Computer and Management Training,15-1212,Information Security Analysts,,,High school diploma or equivalent,Bachelor's degree,Full Time,Hybrid,USD 120000 per YEAR,120000.00,120000.00,annual,Connecticut,United States,,,"[""Automation""]","[""Automation""]",[],2026-06-04,,
82925,Assistant Behavior Analyst Intern BTTC,Assistant Behavior Analyst Intern BTTC,Texana Center,611400,Business Schools and Computer and Management Training,13-1111,Management Analysts,,,High school diploma or equivalent,Associate's degree,"Contract, Internship",Unknown,USD 18 per HOUR,18.00,18.00,hourly,Texas,United States,,,"[""Accruals"", ""Applied Behavior Analysis"", ""Board Certified Behavior Analyst (BCBA)""]","[""Accruals"", ""Applied Behavior Analysis""]",[],2026-06-04,,
82634,"VP, Systems & Reports Analyst","VP, Systems & Reports Analyst",Poppy Bank,611400,Business Schools and Computer and Management Training,13-1082,Project Management Specialists,,,Postsecondary nondegree award,Bachelor's degree,Full Time,Unknown,USD 100000 - 130000 per YEAR,100000.00,130000.00,annual,California,United States,,,"[""Banking"", ""Business Requirements""]","[""Banking"", ""Business Requirements""]",[],2026-06-04,,
79207,"Web & SharePoint Analyst || || - Columbus, OH.","Web & SharePoint Analyst || Contract || Hybrid- Columbus, OH.",Info Origin Inc.,611400,Business Schools and Computer and Management Training,13-1111,Management Analysts,,,Bachelor's degree,Bachelor's degree,Contract,Hybrid,USD 50 - 60 per HOUR,50.00,60.00,hourly,Ohio,United States,,,"[""Business Requirements""]","[""Business Requirements""]",[],2026-06-04,,
78533,Technical Analyst,Technical Analyst,ESG,611400,Business Schools and Computer and Management Training,13-1111,Management Analysts,,,Associate's degree,Bachelor's degree,Full Time,Unknown,,,,,Texas,United States,,,"[""Business Requirements""]","[""Business Requirements""]",[],2026-06-04,,
156962,"Business Analyst, Sr.- Marketing","Business Analyst, Sr.- Marketing",Arthrex,611400,Business Schools and Computer and Management Training,13-1111,Management Analysts,,,High school diploma or equivalent,Bachelor's degree,Full Time,On-site,,,,,Florida,United States,,,"[""Asset Management"", ""Business Analysis"", ""Business Requirements"", ""Cancer""]","[""Asset Management"", ""Business Analysis"", ""Business Requirements"", ""Cancer""]",[],2026-06-05,,
157519,SENIOR MANAGEMENT ANALYST SUPV - SES - 60060085,SENIOR MANAGEMENT ANALYST SUPV - SES - 60060085,Florida Department Of Agriculture And Consumer Services,611400,Business Schools and Computer and Management Training,19-1041,Epidemiologists,,,Associate's degree,Master's degree,Full Time,Unknown,USD 60000 - 85000 per YEAR,60000.00,85000.00,annual,Florida,United States,,,"[""Adult Protective Services"", ""Behavioral Health""]","[""Adult Protective Services"", ""Behavioral Health""]",[],2026-06-05,2026-06-12,7
157867,Document Control Analyst I,Document Control Analyst I,Invenergy,611400,Business Schools and Computer and Management Training,27-2011,Actors,,,Associate's degree,Bachelor's degree,Full Time,Unknown,USD 26.12 - 30.96 per HOUR,26.12,30.96,hourly,Illinois,United States,,,,,,2026-06-05,,
158506,"Sr. Analyst, Scheduling","Sr. Analyst, Scheduling",RTX,611400,Business Schools and Computer and Management Training,27-2011,Actors,,,Associate's degree,Master's degree,Full Time,Hybrid,USD 68900 - 131100 per YEAR,68900.00,131100.00,annual,Massachusetts,United States,,,"[""Accountability"", ""Adjudication"", ""Avionics"", ""Bargaining""]","[""Adjudication"", ""Avionics"", ""Bargaining""]",[],2026-06-05,2026-06-26,21
159111,Analyst/Consultant - AfterSales,Analyst/Consultant - AfterSales,Urban Science,611400,Business Schools and Computer and Management Training,15-2051,Data Scientists,,,Postsecondary nondegree award,Master's degree,Contract,Hybrid,,,,,Texas,United States,,,"[""Advanced Analytics"", ""Analytical Thinking"", ""Analytics"", ""Applied Science""]","[""Advanced Analytics"", ""Analytics"", ""Applied Science""]",[],2026-06-05,2027-06-05,365
171858,Financial Analyst - Settlements & Energy Analysis,Financial Analyst - Settlements & Energy Analysis,City Utilities Of Springfield,611400,Business Schools and Computer and Management Training,13-1082,Project Management Specialists,,,Postsecondary nondegree award,Master's degree,Contract,Unknown,USD 1618.87 - 2023.6 per WEEK,1618.87,2023.60,weekly,Missouri,United States,,,"[""Accounting"", ""Accounting Software"", ""Accounting Systems"", ""Analytical Skills"", ""Artificial Intelligence"", ""Bidding"", ""Billing"", ""Broadband"", ""Budgeting""]","[""Accounting"", ""Accounting Software"", ""Accounting Systems"", ""Artificial Intelligence"", ""Bidding"", ""Billing"", ""Broadband""]",[],2026-06-05,,
177247,Legal Analyst - Labor & Employment,Legal Analyst - Labor & Employment,Dick's Sporting Goods,611400,Business Schools and Computer and Management Training,27-2011,Actors,,,Postsecondary nondegree award,Bachelor's degree,Full Time,Unknown,USD 67100 - 109000 per YEAR,67100.00,109000.00,annual,New York,United States,,,"[""Billing"", ""Case Management""]","[""Billing"", ""Case Management""]",[],2026-06-05,,
179013,Military Operations Analyst - Mid,Military Operations Analyst - Mid (OCSMD),Mano Lani LLC,611400,Business Schools and Computer and Management Training,13-1111,Management Analysts,,,Associate's degree,Associate's degree,Full Time,On-site,USD 100000 - 113000 per YEAR,100000.00,113000.00,annual,Colorado,United States,Fremont County,,,,,2026-06-05,2026-07-06,31
196135,Business Intelligence Analyst,Business Intelligence Analyst,Cummins Talent Acquisition,611400,Business Schools and Computer and Management Training,15-2051,Data Scientists,,,Associate's degree,Bachelor's degree,Full Time,On-site,,,,,MI,United States,,,"[""Action Oriented"", ""Ad Hoc Analysis"", ""Analytics"", ""Business Decisions"", ""Business Intelligence""]","[""Ad Hoc Analysis"", ""Analytics"", ""Business Decisions"", ""Business Intelligence""]",[],2026-06-05,,
200256,Marketing Research & Analytics Intern,Marketing Research & Analytics Intern,USF University of South Florida,611400,Business Schools and Computer and Management Training,15-2051,Data Scientists,,,Associate's degree,Associate's degree,Internship,On-site,,,,,FL,United States,,,"[""Analytics"", ""Audience Analysis"", ""Business Analytics""]","[""Analytics"", ""Audience Analysis"", ""Business Analytics""]",[],2026-06-05,,
215706,Associate Data Science Analyst - Lutgens Lab,Associate Data Science Analyst - Lutgens Lab - Temporary part time,Mayo Career Site US,611400,Business Schools and Computer and Management Training,15-2051,Data Scientists,,,Associate's degree,Bachelor's degree,"Part Time, Temporary",Unknown,,,,,MN,United States,,,"[""Analytical Procedures"", ""Analytical Skills"", ""Analytics"", ""Business Problems""]","[""Analytical Procedures"", ""Analytics"", ""Business Problems""]",[],2026-06-05,,
216139,Senior Data Visualization and Augmented Analytics Engineer,Senior Data Visualization and Augmented Analytics Engineer,Navy Federal Credit Union,611400,Business Schools and Computer and Management Training,15-2051,Data Scientists,,,Postsecondary nondegree award,Master's degree,Full Time,Unknown,,,,,VA,United States,,,"[""Analytics"", ""Automation"", ""Azure Data Lake"", ""Banking"", ""Big Data"", ""Big Data Analytics"", ""Business Decisions""]","[""Analytics"", ""Automation"", ""Azure Data Lake"", ""Banking"", ""Big Data"", ""Big Data Analytics"", ""Business Decisions""]",[],2026-06-05,,
216288,Senior Data Scientist - Full Stack,Senior Data Scientist - Full Stack,WM,611400,Business Schools and Computer and Management Training,15-2051,Data Scientists,,,High school diploma or equivalent,Bachelor's degree,Full Time,Hybrid,,,,,TX,United States,,,"[""Analytical Skills"", ""Analytics"", ""Applied Mathematics"", ""Business Operations""]","[""Analytics"", ""Applied Mathematics"", ""Business Operations""]",[],2026-06-05,,
402970,Sponsored Research Business Analyst,Sponsored Research Business Analyst,University Of Illinois,611400,Business Schools and Computer and Management Training,13-1111,Management Analysts,,,Associate's degree,Associate's degree,,Unknown,"{'min': '', 'max': '', 'currency': '', 'period': '', 'summary': ''}",,,,Urbana,Illinois,,,"[""Billing"", ""Business Operations"", ""Business Systems""]","[""Billing"", ""Business Operations"", ""Business Systems""]",[],2026-06-05,,
404786,Sr. Analyst Supply Chain Control Tower,Sr. Analyst Supply Chain Control Tower,Jobs.advanceautoparts.com,611400,Business Schools and Computer and Management Training,15-2051,Data Scientists,,,Associate's degree,Associate's degree,,Unknown,"{'min': '', 'max': '', 'currency': '', 'period': '', 'summary': ''}",,,,Raleigh,North Carolina,Wake County,,"[""Analytics"", ""Business Continuity""]","[""Analytics"", ""Business Continuity""]",[],2026-06-05,,
404942,"Structured Trust and Analytics , Senior Associate","Structured Trust and Analytics (CLO Team), Senior Associate",Careers.statestreet.com,611400,Business Schools and Computer and Management Training,15-2051,Data Scientists,,,Associate's degree,Associate's degree,,Unknown,"{'min': '', 'max': '', 'currency': '', 'period': '', 'summary': ''}",,,,Boston,Massachusetts,,,"[""Analytics""]","[""Analytics""]",[],2026-06-05,,
405059,Card Fraud Data Scientist II,Card Fraud Data Scientist II,Careers.truist.com,611400,Business Schools and Computer and Management Training,15-2051,Data Scientists,,,Associate's degree,Bachelor's degree,,Unknown,"{'min': '', 'max': '', 'currency': '', 'period': '', 'summary': ''}",,,,Atlanta,Georgia,Fulton County,,"[""Analytics""]","[""Analytics""]",[],2026-06-05,,
405910,Lead Operations Research Analyst - TS/SCI - CI Poly,Lead Operations Research Analyst - TS/SCI - CI Poly,Globaldllc,611400,Business Schools and Computer and Management Training,13-1111,Management Analysts,,,Bachelor's degree,Bachelor's degree,Full Time,Unknown,"{'min': '', 'max': '', 'currency': '', 'period': '', 'summary': ''}",,,,Washington,District of Columbia,District of Columbia,"Washington-Arlington-Alexandria, DC-VA-MD-WV","[""Analytical Techniques""]","[""Analytical Techniques""]",[],2026-06-05,,
406124,Operations Research Analyst - TS/SCI,Operations Research Analyst - TS/SCI,Globaldllc,611400,Business Schools and Computer and Management Training,13-1111,Management Analysts,,,Bachelor's degree,Bachelor's degree,Full Time,Unknown,"{'min': '', 'max': '', 'currency': '', 'period': '', 'summary': ''}",,,,Washington,District of Columbia,District of Columbia,"Washington-Arlington-Alexandria, DC-VA-MD-WV","[""Analytical Techniques""]","[""Analytical Techniques""]",[],2026-06-05,,
402718,Program Control Analyst Senior,Program Control Analyst Senior,Jobs.baesystems.com,611400,Business Schools and Computer and Management Training,13-1082,Project Management Specialists,,,Associate's degree,Associate's degree,,Unknown,"{'min': '', 'max': '', 'currency': '', 'period': '', 'summary': ''}",,,,Boulder,Colorado,Boulder County,,,,,2026-06-05,,
74544,IT Field Support Analyst,IT Field Support Analyst,Diocese Of Austin,611400,Business Schools and Computer and Management Training,21-2011,Clergy,,,High school diploma or equivalent,Associate's degree,Full Time,Remote,,,,,Texas,United States,,,"[""Audiovisual Equipment"", ""Business Software""]","[""Audiovisual Equipment"", ""Business Software""]",[],2026-06-05,,
74480,Operations Analyst,Operations Analyst,National Airlines,611400,Business Schools and Computer and Management Training,13-1111,Management Analysts,,,High school diploma or equivalent,Associate's degree,Full Time,Unknown,,,,,Florida,United States,,,"[""Accounting"", ""Administrative Support"", ""Analytics"", ""Archives"", ""Aviation"", ""Career Development""]","[""Accounting"", ""Administrative Support"", ""Analytics"", ""Archives"", ""Aviation"", ""Career Development""]",[],2026-06-05,,
113273,GIS Analyst,GIS Analyst,Canyon County Sheriff's Office,611400,Business Schools and Computer and Management Training,15-2051,Data Scientists,,,High school diploma or equivalent,Associate's degree,Contract,Unknown,USD 29.73 - 35.29 per HOUR,29.73,35.29,hourly,Idaho,United States,,,"[""Analytical Thinking"", ""Automation""]","[""Automation""]",[],2026-06-05,,
105971,Business Central Functional Analyst,Business Central Functional Analyst,"Infinite Electronics, Inc.",611400,Business Schools and Computer and Management Training,13-1111,Management Analysts,,,Associate's degree,Associate's degree,Contract,Unknown,USD 100000 - 140000 per YEAR,100000.00,140000.00,annual,Texas,United States,,,"[""Business Operations"", ""Business Requirements""]","[""Business Operations"", ""Business Requirements""]",[],2026-06-05,,
104616,External Elements Aviation/Combined Aviation/Combined Air Operations Center Analyst,External Elements (EXELMS) Aviation/Combined Aviation/Combined Air Operations Center (CAOC) Analyst,Corps Solutions,611400,Business Schools and Computer and Management Training,13-1082,Project Management Specialists,,,Associate's degree,Master's degree,Full Time,On-site,,,,,Virginia,United States,,,"[""Aviation""]","[""Aviation""]",[],2026-06-05,,
102377,Military Processing Analyst,Military Processing Analyst,Covista,611400,Business Schools and Computer and Management Training,27-2011,Actors,,,Postsecondary nondegree award,Bachelor's degree,Full Time,Hybrid,USD 17.15 - 27.36 per HOUR,17.15,27.36,hourly,Illinois,United States,,,"[""Account Reconciliation"", ""Accounts Receivable"", ""Analytical Skills"", ""Billing""]","[""Account Reconciliation"", ""Accounts Receivable"", ""Billing""]",[],2026-06-05,,
102274,Service Desk Analyst,Service Desk Analyst,National Heritage Academies,611400,Business Schools and Computer and Management Training,13-1111,Management Analysts,,,Associate's degree,Associate's degree,Full Time,Remote,,,,,Michigan,United States,,,,,,2026-06-05,,
97814,Senior Data Scientist - Full Stack,Senior Data Scientist - Full Stack,WM,611400,Business Schools and Computer and Management Training,15-2051,Data Scientists,,,High school diploma or equivalent,Bachelor's degree,Full Time,Hybrid,,,,,Texas,United States,,,"[""Analytical Skills"", ""Analytics"", ""Applied Mathematics"", ""Business Operations""]","[""Analytics"", ""Applied Mathematics"", ""Business Operations""]",[],2026-06-05,,
97562,Military Student Finance Analyst,Military Student Finance Analyst,Covista,611400,Business Schools and Computer and Management Training,27-2011,Actors,,,Postsecondary nondegree award,Bachelor's degree,Full Time,Hybrid,USD 17.15 - 27.36 per HOUR,17.15,27.36,hourly,Illinois,United States,,,"[""Account Reconciliation"", ""Accounts Receivable"", ""Analytical Skills"", ""Billing""]","[""Account Reconciliation"", ""Accounts Receivable"", ""Billing""]",[],2026-06-05,,
95403,Corporate Compliance Analyst,Corporate Compliance Analyst,D.r. Horton,611400,Business Schools and Computer and Management Training,11-9021,Construction Managers,,,High school diploma or equivalent,Bachelor's degree,Full Time,Unknown,,,,,Texas,United States,,,"[""Artificial Intelligence""]","[""Artificial Intelligence""]",[],2026-06-05,,
91124,Rates and Regulatory Financial Analyst 3,Rates and Regulatory Financial Analyst 3,CoServ,611400,Business Schools and Computer and Management Training,13-1082,Project Management Specialists,,,High school diploma or equivalent,Master's degree,Full Time,Unknown,,,,,Texas,United States,,,"[""Accounting"", ""Accounting Software"", ""Business Administration"", ""Business Intelligence""]","[""Accounting"", ""Accounting Software"", ""Business Intelligence""]",[],2026-06-05,,
89235,Lead Operations Research Analyst - TS/SCI - CI Poly,Lead Operations Research Analyst - TS/SCI - CI Poly,"Global Dimensions, LLC",611400,Business Schools and Computer and Management Training,13-1111,Management Analysts,,,Bachelor's degree,Bachelor's degree,Full Time,Unknown,,,,,District of Columbia,United States,,,"[""Analytical Techniques""]","[""Analytical Techniques""]",[],2026-06-05,,
89128,Operations Research Analyst - TS/SCI,Operations Research Analyst - TS/SCI,"Global Dimensions, LLC",611400,Business Schools and Computer and Management Training,15-2031,Operations Research Analysts,,,Bachelor's degree,Bachelor's degree,Full Time,Unknown,,,,,District of Columbia,United States,,,"[""Analytical Techniques""]","[""Analytical Techniques""]",[],2026-06-05,,
400157,"Vice President, Business Analyst - Capital Markets Operations","Vice President, Business Analyst - Capital Markets Operations",CréDit Agricole CIB,611400,Business Schools and Computer and Management Training,13-1111,Management Analysts,,,Associate's degree,Associate's degree,Full Time,Unknown,"{'min': '', 'max': '', 'currency': '', 'period': 'YEAR', 'summary': ''}",,,annual,New York,New York,New York County,"New York-Newark-Jersey City, NY-NJ","[""Business Requirements"", ""Capital Markets""]","[""Business Requirements"", ""Capital Markets""]",[],2026-06-05,,
215660,Senior Data Scientist,Senior Data Scientist (Operations),Function,611400,Business Schools and Computer and Management Training,15-2051,Data Scientists,,,Associate's degree,Associate's degree,Full Time,Remote,,,,,,,,,"[""Analytics"", ""Bioinformatics"", ""Biostatistics""]","[""Analytics"", ""Bioinformatics"", ""Biostatistics""]",[],2026-06-06,,
399581,Lead Analyst of Advanced Analytics,Lead Analyst of Advanced Analytics,Airbnb,611400,Business Schools and Computer and Management Training,15-2051,Data Scientists,,,Associate's degree,Doctoral or professional degree,Full Time,Unknown,"USD 164,000 - 191,000 Yearly",164000.00,191000.00,annual,,,,,"[""Acting"", ""Advanced Analytics"", ""Airflow"", ""Analytics"", ""Business Analytics"", ""Causal Inference""]","[""Acting"", ""Advanced Analytics"", ""Airflow"", ""Analytics"", ""Business Analytics"", ""Causal Inference""]",[],2026-06-06,,
399502,Staff Data Scientist,Staff Data Scientist (Product Analytics),Function,611400,Business Schools and Computer and Management Training,15-2051,Data Scientists,,,Associate's degree,Associate's degree,Full Time,Unknown,"{'min': '', 'max': '', 'currency': '', 'period': 'YEAR', 'summary': ''}",,,annual,,,,,"[""Analytics"", ""Bioinformatics"", ""Biostatistics""]","[""Analytics"", ""Bioinformatics"", ""Biostatistics""]",[],2026-06-06,,
395924,Corp Bankng Credit Analyst I,Corp Bankng Credit Analyst I,Hcgn.fa.us2.oraclecloud.com,611400,Business Schools and Computer and Management Training,13-2041,Credit Analysts,,,Associate's degree,Bachelor's degree,,Unknown,"{'min': '', 'max': '', 'currency': '', 'period': '', 'summary': ''}",,,,,,,,"[""Account Management"", ""Banking"", ""Banking Administration""]","[""Account Management"", ""Banking"", ""Banking Administration""]",[],2026-06-08,,
73882,FINANCIAL MANAGEMENT ANALYST,FINANCIAL MANAGEMENT ANALYST,U.S. Marine Corps,611400,Business Schools and Computer and Management Training,13-1111,Management Analysts,,,Associate's degree,Doctoral or professional degree,,Unknown,Per Year,,,annual,Marine Corps Air Station Miramar,California,,,,,,2026-04-24,2027-04-23,364
187499,Senior Human Resources Analyst - Training and Development Coordinator,Senior Human Resources Analyst - Training and Development Coordinator,MRA Recruiting Services,611400,Business Schools and Computer and Management Training,13-1082,Project Management Specialists,,,Postsecondary nondegree award,Master's degree,Full Time,On-site,,,,,WI,United States,,,"[""Adult Learning Principles""]","[""Adult Learning Principles""]",[],2026-05-07,,
3290,Online Visiting Professor of Data Analytics,Online Visiting Professor of Data Analytics,DeVry University & Its Keller Graduate School Of Management International,611400,Business Schools and Computer and Management Training,15-2051,Data Scientists,,,Associate's degree,Doctoral or professional degree,"Part Time, Temporary",Remote,$22.00 - $23.50 an hour,22.00,23.50,hourly,,,,,"[""Analytics"", ""Business Intelligence""]","[""Analytics"", ""Business Intelligence""]",[],2026-05-15,,
3658,"Data Analyst, Data & Analytics - Med USMPD","Data Analyst, Data & Analytics - Med USMPD",Cardinal Health,611400,Business Schools and Computer and Management Training,15-2051,Data Scientists,,,Associate's degree,Bachelor's degree,,Unknown,"$80,900 - $115,500 a year",80900.00,115500.00,annual,,,,,"[""Alteryx"", ""Analytics"", ""Automation"", ""Business Analytics"", ""Business Decisions"", ""Business Intelligence"", ""Business Problems"", ""Business Process""]","[""Alteryx"", ""Analytics"", ""Automation"", ""Business Analytics"", ""Business Decisions"", ""Business Intelligence"", ""Business Problems"", ""Business Process""]",[],2026-05-15,,
206894,Cybersecurity Supply Chain Risk Management Analyst,Cybersecurity Supply Chain Risk Management Analyst,Maania Consultancy Services,611400,Business Schools and Computer and Management Training,15-1212,Information Security Analysts,,,Associate's degree,Bachelor's degree,Full Time,Unknown,,,,,DC,United States,,,"[""Business Expansion""]","[""Business Expansion""]",[],2026-05-27,,
186542,Human Resources Information System & Records Analyst,Human Resources Information System & Records Analyst,POLK_BoCC_Career Site,611400,Business Schools and Computer and Management Training,13-1082,Project Management Specialists,,,Postsecondary nondegree award,Associate's degree,Full Time,Unknown,$68.8k - $75.7k per year,68800.00,75700.00,annual,FL,United States,,,"[""Business Administration"", ""Business Systems""]","[""Business Systems""]",[],2026-05-28,,
203891,Senior Program & Risk Analyst,Senior Program & Risk Analyst,StandardAero,611400,Business Schools and Computer and Management Training,41-9012,Models,,,Associate's degree,Associate's degree,Full Time,Unknown,,,,,TX,United States,,,"[""Aviation""]","[""Aviation""]",[],2026-05-29,,
436883,"Analyst, Cadence and Prelude - III Epic","Analyst, Cadence and Prelude - III Epic",Hdox.fa.us6.oraclecloud.com,611400,Business Schools and Computer and Management Training,13-1111,Management Analysts,,,Postsecondary nondegree award,Associate's degree,,Unknown,"{'min': '', 'max': '', 'currency': '', 'period': '', 'summary': ''}",,,,Schaumburg,Illinois,,,"[""Billing""]","[""Billing""]",[],2026-05-29,,
432987,"Strategy & Analytics Advisor, C&CE - Evernorth","Strategy & Analytics Advisor, C&CE - Evernorth",Jobs.thecignagroup.com,611400,Business Schools and Computer and Management Training,15-2051,Data Scientists,,,Bachelor's degree,Bachelor's degree,,Remote,"{'min': '', 'max': '', 'currency': '', 'period': '', 'summary': ''}",,,,,Remote,,,"[""Analytics"", ""Business Case""]","[""Analytics"", ""Business Case""]",[],2026-05-30,,
432220,Data Analyst,Data Analyst Internship,Connectprep,611400,Business Schools and Computer and Management Training,15-2051,Data Scientists,,,Associate's degree,Associate's degree,Internship,Hybrid,"{'min': '', 'max': '', 'currency': '', 'period': '', 'summary': ''}",,,,Boston,Massachusetts,,,"[""Algorithms"", ""Analytics"", ""Applied Mathematics"", ""Business Intelligence"", ""Business Operations""]","[""Algorithms"", ""Analytics"", ""Applied Mathematics"", ""Business Intelligence"", ""Business Operations""]",[],2026-05-31,,
431832,Lead Data Scientist,Lead Data Scientist,Middesk,611400,Business Schools and Computer and Management Training,15-2051,Data Scientists,,,Associate's degree,Associate's degree,Full Time,Unknown,"USD 210,000 - 250,000 Yearly",210000.00,250000.00,annual,San,Francisco,,,"[""Automation""]","[""Automation""]",[],2026-05-31,,
428792,"Senior Analyst, Provider Data Management","Senior Analyst, Provider Data Management (SQL/ QNXT)",Hckd.fa.us2.oraclecloud.com,611400,Business Schools and Computer and Management Training,13-1111,Management Analysts,,,Associate's degree,Bachelor's degree,,Unknown,"{'min': '', 'max': '', 'currency': '', 'period': '', 'summary': ''}",,,,,,,,"[""Business Administration"", ""Business Analysis"", ""Business Objectives""]","[""Business Analysis""]",[],2026-06-01,,
428874,Sr Financial Analyst - Operations,Sr Financial Analyst - Operations,Ejql.fa.us6.oraclecloud.com,611400,Business Schools and Computer and Management Training,13-1111,Management Analysts,,,Bachelor's degree,Bachelor's degree,,Hybrid,"{'min': '', 'max': '', 'currency': '', 'period': '', 'summary': ''}",,,,,,,,,,,2026-06-01,,
431509,Management Analyst III-503678,Management Analyst III-503678,Dnigov,611400,Business Schools and Computer and Management Training,27-2011,Actors,,,High school diploma or equivalent,Associate's degree,Contract,Unknown,"{'min': '', 'max': '', 'currency': '', 'period': '', 'summary': ''}",,,,Washington,District of Columbia,District of Columbia,"Washington-Arlington-Alexandria, DC-VA-MD-WV","[""Analytical Skills"", ""Appraisals"", ""Business Administration""]","[""Appraisals""]",[],2026-06-01,,
425634,Planning Analyst,Planning Analyst,Thewonderfulcompany,611400,Business Schools and Computer and Management Training,11-9021,Construction Managers,,,Associate's degree,Bachelor's degree,Full Time,Unknown,"{'min': '', 'max': '', 'currency': '', 'period': '', 'summary': ''}",,,,Del Rey,California,,,"[""Analytical Skills""]",[],[],2026-06-01,,
424557,Business Analytics Lead Sr,Business Analytics Lead Sr,Careers.pnc.com,611400,Business Schools and Computer and Management Training,15-2051,Data Scientists,,,Associate's degree,Associate's degree,,Unknown,"{'min': '', 'max': '', 'currency': '', 'period': '', 'summary': ''}",,,,Pittsburgh,Pennsylvania,Allegheny County,,"[""Analytics"", ""Business Analytics"", ""Business Intelligence""]","[""Analytics"", ""Business Analytics"", ""Business Intelligence""]",[],2026-06-02,,
424569,Portfolio Analytics and Strategy Specialist - Power Platform,Portfolio Analytics and Strategy Specialist - Power Platform,Careers.pnc.com,611400,Business Schools and Computer and Management Training,15-2051,Data Scientists,,,Bachelor's degree,Bachelor's degree,,Unknown,"{'min': '', 'max': '', 'currency': '', 'period': '', 'summary': ''}",,,,Pittsburgh,Pennsylvania,Allegheny County,,"[""Analytics"", ""Business Strategies""]","[""Analytics"", ""Business Strategies""]",[],2026-06-02,,
420502,Learning Analytics Service Manager,Learning Analytics Service Manager,Nyu,611400,Business Schools and Computer and Management Training,27-2011,Actors,,,Associate's degree,Doctoral or professional degree,Contract,Unknown,"{'min': '', 'max': '', 'currency': '', 'period': '', 'summary': ''}",,,,New York,New York,New York County,"New York-Newark-Jersey City, NY-NJ","[""Analytics""]","[""Analytics""]",[],2026-06-02,,
420456,Financial Analyst - Chemistry,Financial Analyst - Chemistry,Nyu,611400,Business Schools and Computer and Management Training,27-2011,Actors,,,Associate's degree,Bachelor's degree,,Unknown,"{'min': '', 'max': '', 'currency': '', 'period': '', 'summary': ''}",,,,New York,New York,New York County,"New York-Newark-Jersey City, NY-NJ","[""Budget Management""]","[""Budget Management""]",[],2026-06-02,,
419169,Senior Procurement Analyst,Senior Procurement Analyst,Kipp,611400,Business Schools and Computer and Management Training,13-1111,Management Analysts,,,Associate's degree,Associate's degree,Contract,Hybrid,"{'min': '', 'max': '', 'currency': '', 'period': '', 'summary': ''}",,,,Houston,Texas,,,"[""Accounts Payable""]","[""Accounts Payable""]",[],2026-06-02,,
419167,Senior Procurement Analyst,Senior Procurement Analyst,Kipp,611400,Business Schools and Computer and Management Training,13-1111,Management Analysts,,,Associate's degree,Associate's degree,Contract,Hybrid,"{'min': '', 'max': '', 'currency': '', 'period': '', 'summary': ''}",,,,San Antonio,Texas,Bexar County,,"[""Accounts Payable""]","[""Accounts Payable""]",[],2026-06-02,,
419165,Senior Procurement Analyst,Senior Procurement Analyst,Kipp,611400,Business Schools and Computer and Management Training,13-1111,Management Analysts,,,Associate's degree,Associate's degree,Contract,Hybrid,"{'min': '', 'max': '', 'currency': '', 'period': '', 'summary': ''}",,,,Austin,Texas,Travis County,,"[""Accounts Payable""]","[""Accounts Payable""]",[],2026-06-02,,
74023,Procurement Analyst,Procurement Analyst,U.S. Coast Guard,611400,Business Schools and Computer and Management Training,27-2011,Actors,,,Postsecondary nondegree award,Master's degree,Contract,Unknown,Per Year,,,annual,Washington,District of Columbia,District of Columbia,"Washington-Arlington-Alexandria, DC-VA-MD-WV","[""Artificial Intelligence"", ""Business Case""]","[""Artificial Intelligence"", ""Business Case""]",[],2026-06-03,2026-06-15,12
218035,Cannabis Data Analyst Administrator,Cannabis Data Analyst Administrator,Phat Panda,611400,Business Schools and Computer and Management Training,13-1111,Management Analysts,,,High school diploma or equivalent,Master's degree,Full Time,Unknown,From $35.6k per year,35600.00,35600.00,annual,WA,United States,,,"[""Basecamp"", ""Cannabis""]","[""Basecamp"", ""Cannabis""]",[],2026-06-03,,
418175,Senior ATGPAC Training Requirements and Policy Analyst,Senior ATGPAC Training Requirements and Policy Analyst,Sigmadefense,611400,Business Schools and Computer and Management Training,13-1111,Management Analysts,,,Postsecondary nondegree award,Bachelor's degree,Full Time,Unknown,"{'min': '', 'max': '', 'currency': '', 'period': '', 'summary': ''}",,,,San Diego,California,,,,,,2026-06-03,,
418239,Management Analyst,Management Analyst,Sigmadefense,611400,Business Schools and Computer and Management Training,13-1082,Project Management Specialists,,,Associate's degree,Master's degree,"Full Time, Contract",Unknown,"{'min': '', 'max': '', 'currency': '', 'period': '', 'summary': ''}",,,,Belcamp,Maryland,,,"[""Business Operations""]","[""Business Operations""]",[],2026-06-03,,
73759,Management & Program Analyst,Management & Program Analyst,Internal Revenue Service,611400,Business Schools and Computer and Management Training,13-1111,Management Analysts,,,Postsecondary nondegree award,Bachelor's degree,"Monday Friday 6:00Am 6:00Pm, 40 Hours Per Week",Unknown,Per Year,,,annual,Washington,District of Columbia,District of Columbia,"Washington-Arlington-Alexandria, DC-VA-MD-WV","[""Adjudication"", ""Administrative Functions""]","[""Adjudication""]",[],2026-06-03,2026-06-16,13
200261,Risk Management Analyst,Risk Management Analyst,Vitas Healthcare,611400,Business Schools and Computer and Management Training,13-1082,Project Management Specialists,,,Associate's degree,Master's degree,Full Time,Unknown,,,,,FL,United States,,,,,,2026-06-04,,
202967,"Manager, Marketing and Media Analytics","Manager, Marketing and Media Analytics",Tiffany,611400,Business Schools and Computer and Management Training,11-2021,Marketing Managers,,,Associate's degree,Bachelor's degree,,Unknown,$122.5k - $150k per year,122500.00,150000.00,annual,NY,United States,,,"[""Analytics"", ""Business Acumen"", ""Business Objectives""]","[""Analytics""]",[],2026-06-04,,
210863,Classified Cybersecurity Analyst,Classified Cybersecurity Analyst,Ngc,611400,Business Schools and Computer and Management Training,15-1212,Information Security Analysts,,,High school diploma or equivalent,Doctoral or professional degree,Full Time,Remote,$87.6k - $131.4k per year,87600.00,131400.00,annual,,,,,"[""Account Management"", ""Auditing""]","[""Account Management"", ""Auditing""]",[],2026-06-04,,
410740,"Manager, Marketing and Media Analytics","Manager, Marketing and Media Analytics",Eljs.fa.us2.oraclecloud.com,611400,Business Schools and Computer and Management Training,11-2021,Marketing Managers,,,Associate's degree,Bachelor's degree,,Unknown,"{'min': '', 'max': '', 'currency': '', 'period': '', 'summary': ''}",,,,New York,New York,New York County,"New York-Newark-Jersey City, NY-NJ","[""Analytics"", ""Business Acumen"", ""Business Objectives""]","[""Analytics""]",[],2026-06-04,,
411829,Portfolio Analytics & Strategy Specialist - Marketing & Customer Analytics,Portfolio Analytics & Strategy Specialist - Marketing & Customer Analytics,Careers.pnc.com,611400,Business Schools and Computer and Management Training,15-2051,Data Scientists,,,Associate's degree,Associate's degree,,Unknown,"{'min': '', 'max': '', 'currency': '', 'period': '', 'summary': ''}",,,,Wilmington,Delaware,,,"[""A/B Testing"", ""Analytics"", ""Business Decisions""]","[""A/B Testing"", ""Analytics"", ""Business Decisions""]",[],2026-06-04,,
409025,International Analytics Lead,International Analytics Lead (24 months fixed-term),Khan Academy,611400,Business Schools and Computer and Management Training,15-2051,Data Scientists,,,Associate's degree,Associate's degree,"Full Time, Temporary",Unknown,"USD 165,446 - 180,499 Yearly",165446.00,180499.00,annual,Mountain View,California,Santa Clara County,,"[""Analytics"", ""Business Intelligence""]","[""Analytics"", ""Business Intelligence""]",[],2026-06-04,,
409020,Senior Analyst,Senior Analyst (Compensation & Analytics),Forter,611400,Business Schools and Computer and Management Training,41-9012,Models,,,Associate's degree,Associate's degree,Full Time,Unknown,"USD 122,000 - 145,000 Yearly",122000.00,145000.00,annual,New York,New York,New York County,"New York-Newark-Jersey City, NY-NJ","[""Advising"", ""Analytical Skills"", ""Analytics""]","[""Analytics""]",[],2026-06-04,,
388867,Data & Analytics Enablement Analyst- Center of Excellence Lead,Data & Analytics Enablement Analyst- Center of Excellence Lead,Hcgn.fa.us2.oraclecloud.com,611400,Business Schools and Computer and Management Training,15-2051,Data Scientists,,,Associate's degree,Bachelor's degree,,On-site,"{'min': '', 'max': '', 'currency': '', 'period': '', 'summary': ''}",,,,,,,,"[""Alteryx"", ""Analytics"", ""Business Priorities""]","[""Alteryx"", ""Analytics"", ""Business Priorities""]",[],2026-06-09,,
391493,Data Entry Analyst,Data Entry Analyst,Labella-Associates,611400,Business Schools and Computer and Management Training,27-2011,Actors,,,High school diploma or equivalent,Bachelor's degree,Full Time,Hybrid,"{'min': '', 'max': '', 'currency': '', 'period': '', 'summary': ''}",,,,New York,New York,New York County,"New York-Newark-Jersey City, NY-NJ",,,,2026-06-09,,
386252,Board Certified Behavior Analyst,Board Certified Behavior Analyst (BCBA),Healthpro-Rehab,611400,Business Schools and Computer and Management Training,13-1082,Project Management Specialists,,,Postsecondary nondegree award,Master's degree,"Full Time, Part Time",Unknown,"{'min': '', 'max': '', 'currency': '', 'period': '', 'summary': ''}",,,,Cameron,North Carolina,,,"[""Billing"", ""Board Certified Behavior Analyst (BCBA)""]","[""Billing""]",[],2026-06-09,,
384205,Fraud Analyst,Fraud Analyst,Fetch,611400,Business Schools and Computer and Management Training,13-1111,Management Analysts,,,Bachelor's degree,Bachelor's degree,Full Time,Unknown,"{'min': '', 'max': '', 'currency': '', 'period': '', 'summary': ''}",,,,,,,,"[""Accountability"", ""Case Management""]","[""Case Management""]",[],2026-06-09,,
383630,"Cybersecurity Analyst, IT Operations","Cybersecurity Analyst, IT Operations",Fors Marsh,611400,Business Schools and Computer and Management Training,15-1212,Information Security Analysts,,,Associate's degree,Bachelor's degree,Contract,Remote,"USD 110,000 - 125,000 Yearly",110000.00,125000.00,annual,,,,,"[""Access Controls"", ""Active Directory"", ""Analytical Skills""]","[""Access Controls"", ""Active Directory""]",[],2026-06-09,,
380722,Executive Analyst,Executive Analyst,Iazuqy.fa.ocs.oraclecloud.com,611400,Business Schools and Computer and Management Training,13-1082,Project Management Specialists,,,Associate's degree,Bachelor's degree,,On-site,"{'min': '', 'max': '', 'currency': '', 'period': '', 'summary': ''}",,,,San Francisco,California,San Francisco County,,"[""Accounting"", ""Active Listening"", ""Administrative Functions"", ""Advising"", ""Carpet Cleaning""]","[""Accounting"", ""Carpet Cleaning""]",[],2026-06-10,,
380741,"Manager, Data and Analytics","Manager, Data and Analytics",Eguq.fa.us2.oraclecloud.com,611400,Business Schools and Computer and Management Training,15-1243,Database Architects,,,Postsecondary nondegree award,Bachelor's degree,,On-site,"{'min': '', 'max': '', 'currency': '', 'period': '', 'summary': ''}",,,,Coppell,Texas,,,"[""Advanced Analytics"", ""Airflow"", ""Analytics"", ""Architecture Strategy"", ""Azure Data Lake"", ""Azure Databricks"", ""Business Requirements""]","[""Advanced Analytics"", ""Airflow"", ""Analytics"", ""Architecture Strategy"", ""Azure Data Lake"", ""Azure Databricks"", ""Business Requirements""]",[],2026-06-10,,
378977,Vice President of GTM Analytics and Business Intelligence,Vice President of GTM Analytics and Business Intelligence,Tricentis,611400,Business Schools and Computer and Management Training,15-2051,Data Scientists,,,Associate's degree,Master's degree,Full Time,Unknown,"{'min': '', 'max': '', 'currency': '', 'period': 'YEAR', 'summary': ''}",,,annual,,Austin,,,"[""Analytics"", ""Anomaly Detection"", ""Applied Statistics"", ""BigQuery"", ""Business Acumen"", ""Business Intelligence""]","[""Analytics"", ""Anomaly Detection"", ""Applied Statistics"", ""BigQuery"", ""Business Intelligence""]",[],2026-06-10,,
377335,Sales Analyst,Sales Analyst,Bimbo Bakeries USA,611400,Business Schools and Computer and Management Training,13-1082,Project Management Specialists,,,Associate's degree,Bachelor's degree,,Unknown,"{'min': '', 'max': '', 'currency': '', 'period': '', 'summary': ''}",,,,La Vergne,Tennessee,,,"[""Analytics"", ""Baking""]","[""Analytics"", ""Baking""]",[],2026-06-10,,
376830,Senior Incident Response Analyst,Senior Incident Response Analyst (R-19347),Dnb,611400,Business Schools and Computer and Management Training,15-1212,Information Security Analysts,,,Postsecondary nondegree award,Bachelor's degree,Full Time,Unknown,"{'min': '', 'max': '', 'currency': '', 'period': '', 'summary': ''}",,,,,Center Valley Pennsylvania,,,"[""Analytical Thinking"", ""Analytics"", ""Automation""]","[""Analytics"", ""Automation""]",[],2026-06-10,,
373040,Release Management Analyst,Release Management Analyst,Jpmc.fa.oraclecloud.com,611400,Business Schools and Computer and Management Training,13-1111,Management Analysts,,,Bachelor's degree,Bachelor's degree,,Unknown,"{'min': '', 'max': '', 'currency': '', 'period': '', 'summary': ''}",,,,Newark,Delaware,New Castle County,,,,,2026-06-11,,
373631,Senior ITS Traffic Analyst,Senior ITS Traffic Analyst,Ebcs.fa.em2.oraclecloud.com,611400,Business Schools and Computer and Management Training,13-1082,Project Management Specialists,,,Associate's degree,Bachelor's degree,"Full Time, Part Time",Hybrid,"{'min': '', 'max': '', 'currency': '', 'period': '', 'summary': ''}",,,,Miami,Florida,,,"[""Budgeting""]",[],[],2026-06-11,,
374169,"Strategy & Analytics Lead Analyst, C&CE - Evernorth","Strategy & Analytics Lead Analyst, C&CE - Evernorth",Jobs.thecignagroup.com,611400,Business Schools and Computer and Management Training,15-2051,Data Scientists,,,Bachelor's degree,Bachelor's degree,,Remote,"{'min': '', 'max': '', 'currency': '', 'period': '', 'summary': ''}",,,,,Remote,,,"[""Analytics"", ""Business Case""]","[""Analytics"", ""Business Case""]",[],2026-06-11,,
375619,Data Analyst,Data Analyst,Sand-Cherry-Associates-1,611400,Business Schools and Computer and Management Training,27-2011,Actors,,,Associate's degree,Master's degree,Contract,Hybrid,"{'min': '', 'max': '', 'currency': '', 'period': '', 'summary': ''}",,,,Denver,Colorado,,,"[""Alteryx"", ""Analytics"", ""Business Decisions""]","[""Alteryx"", ""Analytics"", ""Business Decisions""]",[],2026-06-11,,
375830,Data Scientist,Data Scientist,Sigmadefense,611400,Business Schools and Computer and Management Training,15-2051,Data Scientists,,,Master's degree,Master's degree,Full Time,Unknown,"{'min': '', 'max': '', 'currency': '', 'period': '', 'summary': ''}",,,,San Diego,California,,,"[""Algorithms"", ""Analytics"", ""Business Acumen""]","[""Algorithms"", ""Analytics""]",[],2026-06-11,,
370688,Senior System Analyst,Senior System Analyst,Nyu,611400,Business Schools and Computer and Management Training,27-2011,Actors,,,Postsecondary nondegree award,Master's degree,,Unknown,"{'min': '', 'max': '', 'currency': '', 'period': '', 'summary': ''}",,,,New York,New York,New York County,"New York-Newark-Jersey City, NY-NJ","["".NET Framework"", ""Analytical Skills"", ""Blackbaud CRM"", ""Business Logic"", ""Business Requirements""]","["".NET Framework"", ""Blackbaud CRM"", ""Business Logic"", ""Business Requirements""]",[],2026-06-11,,
369932,Implementation and Client Analytics Manager,Implementation and Client Analytics Manager,Tpreducationllc,611400,Business Schools and Computer and Management Training,15-2051,Data Scientists,,,Associate's degree,Bachelor's degree,,Remote,"{'min': '', 'max': '', 'currency': '', 'period': '', 'summary': ''}",,,,,Remote,,,"[""Analytics""]","[""Analytics""]",[],2026-06-11,,
368827,Senior ITS Traffic Analyst,Senior ITS Traffic Analyst,Arcadis,611400,Business Schools and Computer and Management Training,13-1082,Project Management Specialists,,,Associate's degree,Bachelor's degree,"Full Time, Part Time",Hybrid,"{'min': '', 'max': '', 'currency': '', 'period': '', 'summary': ''}",,,,Miami,Florida,,,"[""Budgeting""]",[],[],2026-06-11,,
368824,Senior Traffic Analyst,Senior Traffic Analyst,Arcadis,611400,Business Schools and Computer and Management Training,13-1082,Project Management Specialists,,,Associate's degree,Master's degree,"Full Time, Part Time",Hybrid,"{'min': '', 'max': '', 'currency': '', 'period': '', 'summary': ''}",,,,Orlando,Florida,Orange County,,,,,2026-06-11,,
365100,"Analyst III, Technical Support","Analyst III, Technical Support",Emcm.fa.us2.oraclecloud.com,611400,Business Schools and Computer and Management Training,13-1111,Management Analysts,,,High school diploma or equivalent,Bachelor's degree,,Unknown,"{'min': '', 'max': '', 'currency': '', 'period': '', 'summary': ''}",,,,Newtown,Pennsylvania,,,,,,2026-06-12,,
367752,Digital Sales Analytics and Optimization Product Manager,Digital Sales Analytics and Optimization Product Manager,Careers.regions.com,611400,Business Schools and Computer and Management Training,11-2021,Marketing Managers,,,High school diploma or equivalent,Bachelor's degree,,On-site,"{'min': '', 'max': '', 'currency': '', 'period': '', 'summary': ''}",,,,Hoover,Alabama,,,"[""Analytics"", ""Banking"", ""Business Case""]","[""Analytics"", ""Banking"", ""Business Case""]",[],2026-06-12,,
368273,Missiles C4I Analyst - TS/SCI,Missiles C4I Analyst - TS/SCI,Globaldllc,611400,Business Schools and Computer and Management Training,13-1111,Management Analysts,,,Associate's degree,Bachelor's degree,Full Time,Unknown,"{'min': '', 'max': '', 'currency': '', 'period': '', 'summary': ''}",,,,Quantico,Virginia,,,,,,2026-06-12,,
362584,Financial Analyst,Financial Analyst,Nyit,611400,Business Schools and Computer and Management Training,27-2011,Actors,,,Associate's degree,Doctoral or professional degree,,Unknown,"{'min': '', 'max': '', 'currency': '', 'period': '', 'summary': ''}",,,,Old Westbury,New York,,,"[""Accounting"", ""Bargaining"", ""Biology"", ""Budget Analysis"", ""Budget Development"", ""Budgeting"", ""Business Administration""]","[""Accounting"", ""Bargaining"", ""Biology"", ""Budget Analysis"", ""Budget Development""]",[],2026-06-12,,
361590,Director of People Analytics,Director of People Analytics,Kipp,611400,Business Schools and Computer and Management Training,41-9012,Models,,,Associate's degree,Bachelor's degree,Full Time,Unknown,"{'min': '', 'max': '', 'currency': '', 'period': '', 'summary': ''}",,,,Philadelphia,Pennsylvania,,,"[""Analytics"", ""Auditing"", ""BigQuery"", ""Business Intelligence""]","[""Analytics"", ""Auditing"", ""BigQuery"", ""Business Intelligence""]",[],2026-06-12,,
227179,FINANCIAL MANAGEMENT ANALYST,FINANCIAL MANAGEMENT ANALYST,Army National Guard Units,611400,Business Schools and Computer and Management Training,13-1111,Management Analysts,,,Postsecondary nondegree award,Doctoral or professional degree,Temporary,Unknown,Per Year,,,annual,Colchester,Vermont,,,"[""Accounting"", ""Accounts Payable""]","[""Accounting"", ""Accounts Payable""]",[],2026-06-16,2026-07-16,30
338091,Data Analyst HR Intern,Data Analyst HR Intern,Elitedentalpartnersllc,611400,Business Schools and Computer and Management Training,13-1111,Management Analysts,,,Associate's degree,Bachelor's degree,Internship,Unknown,"{'min': '', 'max': '', 'currency': '', 'period': '', 'summary': ''}",,,,Chicago,Illinois,Cook County,,"[""Analytical Thinking"", ""Analytics"", ""Applicant Tracking Systems"", ""Business Administration""]","[""Analytics"", ""Applicant Tracking Systems""]",[],2026-06-16,,
335245,Technology Support Analyst,Technology Support Analyst,Ekkt.fa.us2.oraclecloud.com,611400,Business Schools and Computer and Management Training,27-2011,Actors,,,High school diploma or equivalent,Bachelor's degree,,Unknown,"{'min': '', 'max': '', 'currency': '', 'period': '', 'summary': ''}",,,,Pasadena,California,,,"[""Asset Management"", ""Azure MFA"", ""Business Technologies""]","[""Asset Management"", ""Azure MFA"", ""Business Technologies""]",[],2026-06-17,,
336868,Portfolio Analytics & Strategy Analyst,Portfolio Analytics & Strategy Analyst,Careers.pnc.com,611400,Business Schools and Computer and Management Training,15-2051,Data Scientists,,,Bachelor's degree,Bachelor's degree,,Unknown,"{'min': '', 'max': '', 'currency': '', 'period': '', 'summary': ''}",,,,Pittsburgh,Pennsylvania,Allegheny County,,"[""Advanced Analytics"", ""Analytics"", ""Business Decisions""]","[""Advanced Analytics"", ""Analytics"", ""Business Decisions""]",[],2026-06-17,,
227199,Supervisory Procurement Analyst,Supervisory Procurement Analyst,Defense Logistics Agency,611400,Business Schools and Computer and Management Training,13-1111,Management Analysts,,,Associate's degree,Bachelor's degree,"Full Time, Part Time, Contract",Unknown,Per Year,,,annual,Fort Belvoir,Virginia,,,"[""Adjudication"", ""Business Requirements""]","[""Adjudication"", ""Business Requirements""]",[],2026-06-17,2026-06-23,6
326700,Marketing Analytics and Reporting Analyst,Marketing Analytics and Reporting Analyst,Uniteklearning,611400,Business Schools and Computer and Management Training,15-2051,Data Scientists,,,Postsecondary nondegree award,Bachelor's degree,Full Time,Unknown,"{'min': '', 'max': '', 'currency': '', 'period': '', 'summary': ''}",,,,Tempe,Arizona,,,"[""Analytics"", ""Automation"", ""Business Intelligence"", ""Business Metrics""]","[""Analytics"", ""Automation"", ""Business Intelligence"", ""Business Metrics""]",[],2026-06-17,,
326379,Director - Customer Analytics,Director - Customer Analytics,Careers.united.com,611400,Business Schools and Computer and Management Training,15-2051,Data Scientists,,,Associate's degree,Associate's degree,,Unknown,"{'min': '', 'max': '', 'currency': '', 'period': '', 'summary': ''}",,,,Chicago,Illinois,Cook County,,"[""Analytics"", ""Business Decisions""]","[""Analytics"", ""Business Decisions""]",[],2026-06-17,,
321278,MIS Analyst III,MIS Analyst III,Aceelectric,611400,Business Schools and Computer and Management Training,15-1212,Information Security Analysts,,,High school diploma or equivalent,Bachelor's degree,Full Time,On-site,"{'min': '', 'max': '', 'currency': '', 'period': '', 'summary': ''}",,,,Valdosta,Georgia,,,"[""Adaptability"", ""Autodesk"", ""Business Efficiency"", ""Business Problems""]","[""Autodesk"", ""Business Efficiency"", ""Business Problems""]",[],2026-06-18,,
325753,Ground Systems Analyst - TS/SCI,Ground Systems Analyst - TS/SCI,Globaldllc,611400,Business Schools and Computer and Management Training,27-2011,Actors,,,Associate's degree,Bachelor's degree,Full Time,Unknown,"{'min': '', 'max': '', 'currency': '', 'period': '', 'summary': ''}",,,,Quantico,Virginia,,,"[""Advocacy"", ""Capability Development""]","[""Capability Development""]",[],2026-06-18,,
320821,Director of Enterprise Data & Analytics,Director of Enterprise Data & Analytics,Yext,611400,Business Schools and Computer and Management Training,15-1243,Database Architects,,,Associate's degree,Master's degree,Full Time,Unknown,"USD 217,000 - 325,000 Yearly",217000.00,325000.00,annual,New York,New York,New York County,"New York-Newark-Jersey City, NY-NJ","[""Analytics"", ""Business Intelligence"", ""Business Problems""]","[""Analytics"", ""Business Intelligence"", ""Business Problems""]",[],2026-06-18,,
318311,Pricing Analyst - Transcon,Pricing Analyst - Transcon (Ground/Domestic),Expeditors,611400,Business Schools and Computer and Management Training,27-3041,Editors,,,Associate's degree,Associate's degree,Full Time,Unknown,"{'min': '', 'max': '', 'currency': '', 'period': '', 'summary': ''}",,,,Ellenwood,Georgia,,,,,,2026-06-18,,
316819,Lead Airport Agent - Central Analyst,Lead Airport Agent - Central Analyst,Envoyair,611400,Business Schools and Computer and Management Training,27-2011,Actors,,,High school diploma or equivalent,Associate's degree,Full Time,Unknown,"{'min': '', 'max': '', 'currency': '', 'period': '', 'summary': ''}",,,,Dallas Fort Worth (Dfw) Airport,Texas,,,,,,2026-06-18,,
353034,Product Management Business Analyst,Product Management Business Analyst,Ebxr.fa.us2.oraclecloud.com,611400,Business Schools and Computer and Management Training,13-1111,Management Analysts,,,Associate's degree,Master's degree,,Unknown,"{'min': '', 'max': '', 'currency': '', 'period': '', 'summary': ''}",,,,Jersey City,New Jersey,Hudson County,,"[""Business Requirements""]","[""Business Requirements""]",[],2026-06-15,,
353738,Business Analyst- RCS Litigation Support,Business Analyst- RCS Litigation Support,Ekcm.fa.us6.oraclecloud.com,611400,Business Schools and Computer and Management Training,13-1111,Management Analysts,,,Associate's degree,Doctoral or professional degree,Contract,Unknown,"{'min': '', 'max': '', 'currency': '', 'period': '', 'summary': ''}",,,,Indianapolis,Indiana,Marion County,,"[""Business Intelligence"", ""Cancer""]","[""Business Intelligence"", ""Cancer""]",[],2026-06-15,,
349661,Claims Operations Analyst,Claims Operations Analyst,Michfb,611400,Business Schools and Computer and Management Training,13-1111,Management Analysts,,,Associate's degree,Associate's degree,Full Time,Unknown,"{'min': '', 'max': '', 'currency': '', 'period': '', 'summary': ''}",,,,Lansing,Michigan,,,"[""Analytics"", ""Appraisals"", ""Business Requirements""]","[""Analytics"", ""Appraisals"", ""Business Requirements""]",[],2026-06-15,,
226980,Program Analyst,Program Analyst,Defense Media Activity,611400,Business Schools and Computer and Management Training,13-1111,Management Analysts,,,Associate's degree,Bachelor's degree,"Full Time, Part Time",Unknown,Per Year,,,annual,Fort Meade,Maryland,,,,,,2026-06-15,2026-06-29,14
349201,Data Scientist 1,Data Scientist 1,Adswerveinc,611400,Business Schools and Computer and Management Training,15-2051,Data Scientists,,,Associate's degree,Associate's degree,Full Time,Remote,"{'min': '', 'max': '', 'currency': '', 'period': '', 'summary': ''}",,,,,Remote,,,"[""Algorithms"", ""Analytical Thinking"", ""Analytics"", ""Big Data"", ""BigQuery""]","[""Algorithms"", ""Analytics"", ""Big Data"", ""BigQuery""]",[],2026-06-15,,
342341,Business Development Analyst - Global Family Office Group Latam - Assistant Vice President,Business Development Analyst - Global Family Office Group Latam - Assistant Vice President,Citi,611400,Business Schools and Computer and Management Training,13-1082,Project Management Specialists,,,Associate's degree,Bachelor's degree,Full Time,Unknown,"{'min': '', 'max': '', 'currency': '', 'period': '', 'summary': ''}",,,,New York,New York,New York County,"New York-Newark-Jersey City, NY-NJ","[""Analytical Skills"", ""Banking"", ""Business Decisions"", ""Business Development""]","[""Banking"", ""Business Decisions"", ""Business Development""]",[],2026-06-16,,
343229,"Strategic Insights and Innovation Specialist, Analyst","Strategic Insights and Innovation Specialist, Analyst",Emje.fa.us6.oraclecloud.com,611400,Business Schools and Computer and Management Training,13-1082,Project Management Specialists,,,Associate's degree,Master's degree,,Unknown,"{'min': '', 'max': '', 'currency': '', 'period': '', 'summary': ''}",,,,Atlanta,Georgia,Fulton County,,"[""Ability To Meet Deadlines"", ""Analytics"", ""Banking"", ""Benchmarking"", ""Business Acumen"", ""Business Decisions"", ""Business Intelligence""]","[""Analytics"", ""Banking"", ""Benchmarking"", ""Business Decisions"", ""Business Intelligence""]",[],2026-06-16,,
343505,Business Lending Risk Analytics - Senior Associate,Business Lending Risk Analytics - Senior Associate,Jpmc.fa.oraclecloud.com,611400,Business Schools and Computer and Management Training,15-2051,Data Scientists,,,Associate's degree,Associate's degree,,Unknown,"{'min': '', 'max': '', 'currency': '', 'period': '', 'summary': ''}",,,,Wilmington,Delaware,,,"[""Analytics"", ""Business Lending""]","[""Analytics"", ""Business Lending""]",[],2026-06-16,,
343577,Performance Marketing Chase Wealth Management Senior Business Analyst,Performance Marketing Chase Wealth Management Senior Business Analyst,Jpmc.fa.oraclecloud.com,611400,Business Schools and Computer and Management Training,13-1111,Management Analysts,,,Bachelor's degree,Bachelor's degree,,Unknown,"{'min': '', 'max': '', 'currency': '', 'period': '', 'summary': ''}",,,,Houston,Texas,,,"[""Artificial Intelligence""]","[""Artificial Intelligence""]",[],2026-06-16,,
249875,Lighting Analyst I,Lighting Analyst I,Enfra,611400,Business Schools and Computer and Management Training,41-9012,Models,,,Postsecondary nondegree award,Associate's degree,Contract,Unknown,"{'min': '', 'max': '', 'currency': '', 'period': '', 'summary': ''}",,,,Newark,New Jersey,Essex County,,"[""Advocacy"", ""Auditing""]","[""Auditing""]",[],2026-06-25,,
248269,Managed Services Analyst III,Managed Services Analyst III,Globalhealthcareexchangeinc,611400,Business Schools and Computer and Management Training,27-2011,Actors,,,High school diploma or equivalent,Bachelor's degree,,Remote,"{'min': '', 'max': '', 'currency': '', 'period': '', 'summary': ''}",,,,,Office Location Or Remote,,,"[""Accountability"", ""Analytics"", ""Automation""]","[""Analytics"", ""Automation""]",[],2026-06-25,,
266605,Lead QA Analyst,Lead QA Analyst,Ice,611400,Business Schools and Computer and Management Training,13-1082,Project Management Specialists,,,Associate's degree,Associate's degree,Full Time,Unknown,"{'min': '', 'max': '', 'currency': '', 'period': '', 'summary': ''}",,,,Atlanta,Georgia,Fulton County,,,,,2026-06-24,,
265549,Business Analyst,Business Analyst,Steampunk,611400,Business Schools and Computer and Management Training,13-1111,Management Analysts,,,Associate's degree,Associate's degree,,Unknown,"{'min': '', 'max': '', 'currency': '', 'period': '', 'summary': ''}",,,,McLean,Virginia,,"Washington-Arlington-Alexandria, DC-VA-MD-WV","[""Business Analysis"", ""Business Process""]","[""Business Analysis"", ""Business Process""]",[],2026-06-24,,
265476,Privacy Compliance Analyst I,Privacy Compliance Analyst I,Jobgether,611400,Business Schools and Computer and Management Training,13-1111,Management Analysts,,,High school diploma or equivalent,Bachelor's degree,Full Time,Remote,"{'min': '', 'max': '', 'currency': '', 'period': '', 'summary': ''}",,,,,,,,"[""Accounting"", ""Analytical Thinking""]","[""Accounting""]",[],2026-06-24,,
263999,Senior Human Resources Analyst - Multiple Departments Citywide,Senior Human Resources Analyst (1244) - Multiple Departments Citywide (C00184),Cityandcountyofsanfrancisco1,611400,Business Schools and Computer and Management Training,13-1111,Management Analysts,,,Postsecondary nondegree award,Doctoral or professional degree,Full Time,Hybrid,"{'min': '', 'max': '', 'currency': '', 'period': '', 'summary': ''}",,,,San Francisco,California,San Francisco County,,"[""Appeals"", ""Banking"", ""Bargaining"", ""Benefits Administration"", ""Business Administration"", ""Cancer"", ""Career Development""]","[""Appeals"", ""Banking"", ""Bargaining"", ""Benefits Administration"", ""Cancer"", ""Career Development""]",[],2026-06-24,,
227328,"Senior Data Scientist, Search Personalization","Senior Data Scientist, Search Personalization",Google,611400,Business Schools and Computer and Management Training,15-2051,Data Scientists,,,Associate's degree,Doctoral or professional degree,Full Time,Unknown,"USD 174,000 - 253,000 Yearly",174000.00,253000.00,annual,Mountain View,California,Santa Clara County,,"[""A/B Testing"", ""Analytics"", ""Business Problems""]","[""A/B Testing"", ""Analytics"", ""Business Problems""]",[],2026-06-24,,
258172,Change Management Analyst,Change Management Analyst,Emcm.fa.us2.oraclecloud.com,611400,Business Schools and Computer and Management Training,13-1111,Management Analysts,,,High school diploma or equivalent,Bachelor's degree,,Unknown,"{'min': '', 'max': '', 'currency': '', 'period': '', 'summary': ''}",,,,Houston,Texas,,,,,,2026-06-25,,
258178,Change Management Analyst,Change Management Analyst,Emcm.fa.us2.oraclecloud.com,611400,Business Schools and Computer and Management Training,13-1111,Management Analysts,,,High school diploma or equivalent,Bachelor's degree,,Unknown,"{'min': '', 'max': '', 'currency': '', 'period': '', 'summary': ''}",,,,,Texas,,,,,,2026-06-25,,
258905,HR Personnel Analyst,HR Personnel Analyst,Ibmljb.fa.ocs.oraclecloud.com,611400,Business Schools and Computer and Management Training,27-2011,Actors,,,High school diploma or equivalent,Associate's degree,"Full Time, Part Time, Contract",On-site,"{'min': '', 'max': '', 'currency': '', 'period': '', 'summary': ''}",,,,,Syracuse,,,"[""Advising"", ""Alternative Education"", ""Canvassing""]","[""Alternative Education"", ""Canvassing""]",[],2026-06-25,,
259841,Data Validation Risk Analyst - Consumer & Business Banking,Data Validation Risk Analyst - Consumer & Business Banking,Careers.usbank.com,611400,Business Schools and Computer and Management Training,13-1082,Project Management Specialists,,,Bachelor's degree,Bachelor's degree,,Unknown,"{'min': '', 'max': '', 'currency': '', 'period': '', 'summary': ''}",,,,Minneapolis,Minnesota,,,"[""Banking""]","[""Banking""]",[],2026-06-25,,
260957,"Director of Admissions Systems and Analytics, Darden School of Business","Director of Admissions Systems and Analytics, Darden School of Business",Jobs.virginia.edu,611400,Business Schools and Computer and Management Training,15-2051,Data Scientists,,,Bachelor's degree,Bachelor's degree,,Unknown,"{'min': '', 'max': '', 'currency': '', 'period': '', 'summary': ''}",,,,Charlottesville,Virginia,,,"[""Analytics""]","[""Analytics""]",[],2026-06-25,,
261965,Bus Analytics Consultant Senior,Bus Analytics Consultant Senior,Careers.pnc.com,611400,Business Schools and Computer and Management Training,15-2051,Data Scientists,,,Associate's degree,Associate's degree,Contract,Unknown,"{'min': '', 'max': '', 'currency': '', 'period': '', 'summary': ''}",,,,Pittsburgh,Pennsylvania,Allegheny County,,"[""Advanced Analytics"", ""Analytics"", ""Business Analytics"", ""Business Decisions""]","[""Advanced Analytics"", ""Analytics"", ""Business Analytics"", ""Business Decisions""]",[],2026-06-25,,
307324,Staff Analyst,Staff Analyst (Product),Hims & Hers,611400,Business Schools and Computer and Management Training,15-2051,Data Scientists,,,Associate's degree,Bachelor's degree,Full Time,Remote,"USD 155,000 - 185,000 Yearly",155000.00,185000.00,annual,,,,,"[""Airflow"", ""Analytics""]","[""Airflow"", ""Analytics""]",[],2026-06-20,,
307199,Business Automation Analyst,Business Automation Analyst,Roku,611400,Business Schools and Computer and Management Training,13-1111,Management Analysts,,,Associate's degree,Associate's degree,Full Time,Unknown,"USD 83,000 - 97,000 Yearly",83000.00,97000.00,annual,New York,New York,New York County,"New York-Newark-Jersey City, NY-NJ","[""Acceptance Testing"", ""Account Management"", ""Analytical Skills"", ""Automation"", ""Business Operations""]","[""Acceptance Testing"", ""Account Management"", ""Automation"", ""Business Operations""]",[],2026-06-20,,
304727,Advertising Analyst,Advertising Analyst,Roku,611400,Business Schools and Computer and Management Training,13-1111,Management Analysts,,,Associate's degree,Associate's degree,Full Time,Remote,"USD 83,000 - 97,000 Yearly",83000.00,97000.00,annual,New York,New York,New York County,"New York-Newark-Jersey City, NY-NJ","[""Acceptance Testing"", ""Account Management"", ""Analytical Skills"", ""Automation"", ""Business Operations""]","[""Acceptance Testing"", ""Account Management"", ""Automation"", ""Business Operations""]",[],2026-06-21,,
297618,Data Analyst 2,Data Analyst 2,Hcjy.fa.us2.oraclecloud.com,611400,Business Schools and Computer and Management Training,13-1111,Management Analysts,,,Associate's degree,Associate's degree,,Unknown,"{'min': '', 'max': '', 'currency': '', 'period': '', 'summary': ''}",,,,Henrietta,New York,,,,,,2026-06-22,,
295227,IT Support Analyst I,IT Support Analyst I,Enfra,611400,Business Schools and Computer and Management Training,13-1111,Management Analysts,,,Associate's degree,Bachelor's degree,Full Time,Unknown,"{'min': '', 'max': '', 'currency': '', 'period': '', 'summary': ''}",,,,Metairie,Louisiana,Jefferson Parish,,"[""Asset Tracking""]","[""Asset Tracking""]",[],2026-06-22,,
295777,Geospatial Analyst,Geospatial Analyst,Tatitlek,611400,Business Schools and Computer and Management Training,13-1082,Project Management Specialists,,,Associate's degree,Master's degree,Full Time,On-site,"{'min': '', 'max': '', 'currency': '', 'period': '', 'summary': ''}",,,,Hurlburt Field,Florida,,,"[""3D Production""]","[""3D Production""]",[],2026-06-22,,
294881,Business Intelligence Analyst,"Business Intelligence Analyst (System Application Analyst, Sr)",Jobgether,611400,Business Schools and Computer and Management Training,41-9012,Models,,,Postsecondary nondegree award,Bachelor's degree,Full Time,Unknown,"{'min': '', 'max': '', 'currency': '', 'period': '', 'summary': ''}",,,,,,,,"[""Analytical Skills"", ""Analytics"", ""Business Intelligence"", ""Cancer"", ""Cancer Care""]","[""Analytics"", ""Business Intelligence"", ""Cancer"", ""Cancer Care""]",[],2026-06-22,,
285928,"Lead, Supply Chain Analyst","Lead, Supply Chain Analyst",Hcjy.fa.us2.oraclecloud.com,611400,Business Schools and Computer and Management Training,13-1111,Management Analysts,,,Bachelor's degree,Bachelor's degree,,Unknown,"{'min': '', 'max': '', 'currency': '', 'period': '', 'summary': ''}",,,,Victor,New York,,,,,,2026-06-23,,
288238,Research Compliance Analyst,Research Compliance Analyst,Iazuqy.fa.ocs.oraclecloud.com,611400,Business Schools and Computer and Management Training,15-1252,Software Developers,,,Postsecondary nondegree award,Bachelor's degree,,Unknown,"{'min': '', 'max': '', 'currency': '', 'period': '', 'summary': ''}",,,,San Francisco,California,San Francisco County,,,,,2026-06-23,,
291304,Business Analytics Consultant - Collaboration and Enablement,Business Analytics Consultant - Collaboration and Enablement,Careers.pnc.com,611400,Business Schools and Computer and Management Training,15-2051,Data Scientists,,,Bachelor's degree,Bachelor's degree,Contract,Unknown,"{'min': '', 'max': '', 'currency': '', 'period': '', 'summary': ''}",,,,Pittsburgh,Pennsylvania,Allegheny County,,"[""Analytics"", ""Business Analytics"", ""Business Intelligence"", ""Business Intelligence Tools""]","[""Analytics"", ""Business Analytics"", ""Business Intelligence"", ""Business Intelligence Tools""]",[],2026-06-23,,
283011,Telecom Sourcing Analyst,Telecom Sourcing Analyst,Ice,611400,Business Schools and Computer and Management Training,13-1111,Management Analysts,,,Bachelor's degree,Bachelor's degree,Contract,Unknown,"{'min': '', 'max': '', 'currency': '', 'period': '', 'summary': ''}",,,,Atlanta,Georgia,Fulton County,,"[""Analytical Skills"", ""Business Acumen""]",[],[],2026-06-23,,
282373,Trade Management Analyst III,Trade Management Analyst III,Jobgether,611400,Business Schools and Computer and Management Training,13-1111,Management Analysts,,,Bachelor's degree,Bachelor's degree,Full Time,Unknown,"{'min': '', 'max': '', 'currency': '', 'period': '', 'summary': ''}",,,,,,,,"[""Analytical Skills""]",[],[],2026-06-23,,
227229,Financial Operations Analyst - Clinical Research,Financial Operations Analyst - Clinical Research,Inside Higher Ed,611400,Business Schools and Computer and Management Training,13-1111,Management Analysts,,,Associate's degree,Bachelor's degree,Contract,Unknown,,,,,Columbus,Ohio,,,"[""Accounting"", ""Analytical Skills"", ""Business Objectives""]","[""Accounting""]",[],2026-06-23,2026-07-23,30
281202,Managed Services Analyst I,Managed Services Analyst I,Globalhealthcareexchangeinc,611400,Business Schools and Computer and Management Training,27-2011,Actors,,,High school diploma or equivalent,Associate's degree,,Remote,"{'min': '', 'max': '', 'currency': '', 'period': '', 'summary': ''}",,,,,Office Location Or Remote,,,"[""Accountability"", ""Analytics"", ""Automation""]","[""Analytics"", ""Automation""]",[],2026-06-23,,
281171,IS Business Analyst-Principal - ITS - 1054,IS Business Analyst-Principal - ITS (SFPUC) - 1054,Cityandcountyofsanfrancisco1,611400,Business Schools and Computer and Management Training,13-1111,Management Analysts,,,Postsecondary nondegree award,Associate's degree,Full Time,Unknown,"{'min': '', 'max': '', 'currency': '', 'period': '', 'summary': ''}",,,,San Francisco,California,San Francisco County,,"[""ArcSDE"", ""Business Acumen"", ""Business Administration"", ""Business Process"", ""Cancer""]","[""ArcSDE"", ""Business Process"", ""Cancer""]",[],2026-06-23,,
280988,Senior User Research Analyst - Port of San Francisco,Senior User Research Analyst - Port of San Francisco (9976),Cityandcountyofsanfrancisco1,611400,Business Schools and Computer and Management Training,13-1082,Project Management Specialists,,,Associate's degree,Associate's degree,"Full Time, Temporary",Remote,"{'min': '', 'max': '', 'currency': '', 'period': '', 'summary': ''}",,,,San Francisco,California,San Francisco County,,"[""Brainstorming"", ""Cancer"", ""Cargo Handling""]","[""Cancer"", ""Cargo Handling""]",[],2026-06-23,,
227298,Operations Research Analyst / Interim Secret,Operations Research Analyst (with Working Knowledge of AI Tools for Regression Testing) / Interim Secret,Peraton,611400,Business Schools and Computer and Management Training,27-2011,Actors,,,Associate's degree,Master's degree,Contract,On-site,"USD 80,000 - 128,000 Yearly",80000.00,128000.00,annual,Scott Afb,Illinois,,,"[""Automation"", ""Capability Development""]","[""Automation"", ""Capability Development""]",[],2026-06-24,2027-06-24,365
274876,Business Intelligence Analyst - Credit Card Product Development,Business Intelligence Analyst - Credit Card Product Development,Fa-Etbx-Saasfaprod1.fa.ocs.oraclecloud.com,611400,Business Schools and Computer and Management Training,13-1082,Project Management Specialists,,,Bachelor's degree,Bachelor's degree,,Unknown,"{'min': '', 'max': '', 'currency': '', 'period': '', 'summary': ''}",,,,Vienna,Virginia,,,"[""Business Case"", ""Business Intelligence""]","[""Business Case"", ""Business Intelligence""]",[],2026-06-24,,
275388,Fraud & Claims Call Monitoring Analyst,Fraud & Claims Call Monitoring Analyst,Hcgn.fa.us2.oraclecloud.com,611400,Business Schools and Computer and Management Training,13-1111,Management Analysts,,,Associate's degree,Master's degree,,Hybrid,"{'min': '', 'max': '', 'currency': '', 'period': '', 'summary': ''}",,,,Johnston,Rhode Island,,,"[""Accountability"", ""Articulation""]","[""Articulation""]",[],2026-06-24,,
276835,Threat Exposure Management Analyst,Threat Exposure Management Analyst,Careers.fiserv.com,611400,Business Schools and Computer and Management Training,13-1111,Management Analysts,,,Bachelor's degree,Bachelor's degree,,Unknown,"{'min': '', 'max': '', 'currency': '', 'period': '', 'summary': ''}",,,,Berkeley Heights,New Jersey,,,"[""Attack Surface Management""]","[""Attack Surface Management""]",[],2026-06-24,,
278728,Portfolio Analytics & Strategy Specialist - Credit Portfolio Management,Portfolio Analytics & Strategy Specialist - Credit Portfolio Management,Careers.pnc.com,611400,Business Schools and Computer and Management Training,15-2051,Data Scientists,,,Bachelor's degree,Bachelor's degree,,Unknown,"{'min': '', 'max': '', 'currency': '', 'period': '', 'summary': ''}",,,,Denver,Colorado,,,"[""Analytics""]","[""Analytics""]",[],2026-06-24,,
242658,Wholesale Strategic Execution Analyst,Wholesale Strategic Execution Analyst,Careers.truist.com,611400,Business Schools and Computer and Management Training,13-1082,Project Management Specialists,,,Bachelor's degree,Bachelor's degree,,Unknown,"{'min': '', 'max': '', 'currency': '', 'period': '', 'summary': ''}",,,,Charlotte,North Carolina,,,"[""Business Strategies""]","[""Business Strategies""]",[],2026-06-26,,
244958,Business Analyst Senior - Enterprise Change Management,Business Analyst Senior - Enterprise Change Management,Careers.pnc.com,611400,Business Schools and Computer and Management Training,13-1111,Management Analysts,,,Associate's degree,Associate's degree,,Unknown,"{'min': '', 'max': '', 'currency': '', 'period': '', 'summary': ''}",,,,Cleveland,Ohio,,,"[""Analytics"", ""Business Process""]","[""Analytics"", ""Business Process""]",[],2026-06-26,,
237266,Data Scientist Vice President,"Data Scientist Vice President (AFC Modelling, Analyst)",Deutsche Bank,611400,Business Schools and Computer and Management Training,15-2051,Data Scientists,,,Associate's degree,Master's degree,Full Time,Unknown,"USD 90,000 - 252,500 Yearly",90000.00,252500.00,annual,,Columbus,,,"[""Big Data""]","[""Big Data""]",[],2026-06-26,,
229983,Configuration Management Analyst - Data Analytics,Configuration Management Analyst - Data Analytics,Jobs.baesystems.com,611400,Business Schools and Computer and Management Training,15-2051,Data Scientists,,,Bachelor's degree,Bachelor's degree,,Unknown,"{'min': '', 'max': '', 'currency': '', 'period': '', 'summary': ''}",,,,Sterling Heights,Michigan,,,"[""Analytics""]","[""Analytics""]",[],2026-06-27,,
229318,Data Scientist,Data Scientist (Policy),Anthropic,611400,Business Schools and Computer and Management Training,15-2051,Data Scientists,,,Associate's degree,Bachelor's degree,Full Time,Unknown,"USD 275,000 - 370,000 Yearly",275000.00,370000.00,annual,Washington,District of Columbia,District of Columbia,"Washington-Arlington-Alexandria, DC-VA-MD-WV","[""AI Safety"", ""Causal Inference""]","[""AI Safety"", ""Causal Inference""]",[],2026-06-27,,
229174,Data Analyst Lead,Data Analyst Lead,Resource Innovations,611400,Business Schools and Computer and Management Training,15-2051,Data Scientists,,,Associate's degree,Bachelor's degree,Full Time,Unknown,"USD 65,000 - 95,000 Yearly",65000.00,95000.00,annual,,Chicago,,,"[""Analytical Skills"", ""Business Analysis""]","[""Business Analysis""]",[],2026-06-27,,
337343,"Business Intelligence Analyst, Payments Risk Management","Business Intelligence Analyst, Payments Risk Management",Google,611400,Business Schools and Computer and Management Training,15-2051,Data Scientists,,,Associate's degree,Bachelor's degree,Full Time,Unknown,"USD 116,000 - 167,000 Yearly",116000.00,167000.00,annual,Austin,Texas,Travis County,,"[""Analytics"", ""Business Intelligence"", ""Business Risk Assessments""]","[""Analytics"", ""Business Intelligence"", ""Business Risk Assessments""]",[],2026-06-29,,
